{
  "backend\\main.py": 1777125383.5027626,
  "backend\\core\\config.py": 1777125233.9511714,
  "backend\\models\\ai_schema.py": 1777125248.9326565,
  "backend\\models\\__init__.py": 1777125364.7435367,
  "backend\\routes\\db_api.py": 1777103247.7754457,
  "backend\\routes\\__init__.py": 1773409500.3267078,
  "backend\\routes\\ai\\ai.py": 1777125339.2764843,
  "backend\\routes\\ai\\__init__.py": 1777125360.655603,
  "backend\\routes\\video_editing\\export.py": 1773409494.6174214,
  "backend\\routes\\video_editing\\trim.py": 1773409489.9091067,
  "backend\\routes\\video_editing\\__init__.py": 1777125358.645243,
  "backend\\services\\db.py": 1777103245.6980307,
  "backend\\services\\ffmpeg_service.py": 1773409485.9750397,
  "backend\\services\\__init__.py": 1773409502.3421075,
  "backend\\services\\ai\\ai_service.py": 1777125337.2602985,
  "backend\\services\\ai\\tools_registry.py": 1773767417.680501,
  "backend\\services\\ai\\__init__.py": 1777125362.670442,
  "render-server\\src\\server.ts": 1777130436.1552396,
  "render-server\\src\\composition\\Composition.tsx": 1777128303.0898993,
  "render-server\\src\\composition\\DragDrop.tsx": 1777128232.159092,
  "render-server\\src\\composition\\index.ts": 1777128304.2498248,
  "render-server\\src\\composition\\SubtitlePage.tsx": 1777128174.9423833,
  "render-server\\src\\composition\\SubtitleTrackRenderer.tsx": 1777128197.8558693,
  "render-server\\src\\composition\\TimelineComposition.tsx": 1777128287.7030818,
  "render-server\\src\\composition\\types.ts": 1777128157.0983675,
  "render-server\\src\\routes\\assets.ts": 1777130786.1059306,
  "render-server\\src\\routes\\media.ts": 1777130794.4428816,
  "render-server\\src\\routes\\projects.ts": 1777130809.9987822,
  "render-server\\src\\routes\\render.ts": 1777130837.9010599,
  "render-server\\src\\routes\\subtitles.ts": 1777130820.6323788,
  "render-server\\src\\utils\\path-security.ts": 1777128139.6272693,
  "videoeditor\\eslint.config.js": 1773767417.682501,
  "videoeditor\\vite.config.ts": 1777128590.0006514,
  "videoeditor\\src\\App.tsx": 1777131390.8645048,
  "videoeditor\\src\\main.tsx": 1777128608.99836,
  "videoeditor\\src\\NotFound.tsx": 1777128754.3337395,
  "videoeditor\\src\\components\\chat\\ChatBox.tsx": 1773767417.6492321,
  "videoeditor\\src\\components\\editor\\LeftPanel.tsx": 1773910127.9903965,
  "videoeditor\\src\\components\\media\\TextEditor.tsx": 1773767417.6492321,
  "videoeditor\\src\\components\\media\\Transitions.tsx": 1773767417.6492321,
  "videoeditor\\src\\components\\redirects\\mediaBinLoader.ts": 1773767417.6506317,
  "videoeditor\\src\\components\\timeline\\DimensionControls.tsx": 1773767417.6506317,
  "videoeditor\\src\\components\\timeline\\MediaActionButtons.tsx": 1773767417.6506317,
  "videoeditor\\src\\components\\timeline\\MediaBin.tsx": 1773767417.6516366,
  "videoeditor\\src\\components\\timeline\\MediaBinPage.tsx": 1773767417.6516366,
  "videoeditor\\src\\components\\timeline\\MediaBinRoute.tsx": 1773767417.6516366,
  "videoeditor\\src\\components\\timeline\\RenderActionButtons.tsx": 1773767417.6516366,
  "videoeditor\\src\\components\\timeline\\RenderStatus.tsx": 1773767417.6526368,
  "videoeditor\\src\\components\\timeline\\Scrubber.tsx": 1773987491.558745,
  "videoeditor\\src\\components\\timeline\\SubtitleBin.tsx": 1773988299.7040224,
  "videoeditor\\src\\components\\timeline\\SyncCaption.tsx": 1773986761.0663376,
  "videoeditor\\src\\components\\timeline\\TimelineControls.tsx": 1773767417.6526368,
  "videoeditor\\src\\components\\timeline\\TimelineRuler.tsx": 1773767417.6536367,
  "videoeditor\\src\\components\\timeline\\TimelineTitle.tsx": 1773767417.6536367,
  "videoeditor\\src\\components\\timeline\\TimelineTracks.tsx": 1773767417.6536367,
  "videoeditor\\src\\components\\timeline\\TrackActionButton.tsx": 1773767417.6536367,
  "videoeditor\\src\\components\\timeline\\TransitionOverlay.tsx": 1773767417.6546369,
  "videoeditor\\src\\components\\timeline\\types.ts": 1773908869.9938812,
  "videoeditor\\src\\components\\ui\\alert-dialog.tsx": 1773767417.6574955,
  "videoeditor\\src\\components\\ui\\badge.tsx": 1773767417.6574955,
  "videoeditor\\src\\components\\ui\\button.tsx": 1773767417.6574955,
  "videoeditor\\src\\components\\ui\\card-hover-effect.tsx": 1773767417.6585014,
  "videoeditor\\src\\components\\ui\\card.tsx": 1773767417.6585014,
  "videoeditor\\src\\components\\ui\\drawer.tsx": 1773767417.6585014,
  "videoeditor\\src\\components\\ui\\dropdown-menu.tsx": 1773767417.6585014,
  "videoeditor\\src\\components\\ui\\following-pointer.tsx": 1773767417.659501,
  "videoeditor\\src\\components\\ui\\Footer.tsx": 1773767417.6546369,
  "videoeditor\\src\\components\\ui\\glowing-effect.tsx": 1773767417.659501,
  "videoeditor\\src\\components\\ui\\input.tsx": 1773767417.659501,
  "videoeditor\\src\\components\\ui\\KimuLogo.tsx": 1773767417.6556368,
  "videoeditor\\src\\components\\ui\\label.tsx": 1773767417.659501,
  "videoeditor\\src\\components\\ui\\menubar.tsx": 1773767417.660501,
  "videoeditor\\src\\components\\ui\\modal.tsx": 1773767417.660501,
  "videoeditor\\src\\components\\ui\\Navbar.tsx": 1773767417.6566367,
  "videoeditor\\src\\components\\ui\\progress.tsx": 1773767417.660501,
  "videoeditor\\src\\components\\ui\\resizable.tsx": 1773767417.660501,
  "videoeditor\\src\\components\\ui\\scroll-area.tsx": 1773767417.661501,
  "videoeditor\\src\\components\\ui\\select.tsx": 1773767417.661501,
  "videoeditor\\src\\components\\ui\\separator.tsx": 1773767417.661501,
  "videoeditor\\src\\components\\ui\\skeleton.tsx": 1773767417.661501,
  "videoeditor\\src\\components\\ui\\sonner.tsx": 1773767417.6625013,
  "videoeditor\\src\\components\\ui\\switch.tsx": 1773767417.6625013,
  "videoeditor\\src\\components\\ui\\tabs.tsx": 1773767417.6625013,
  "videoeditor\\src\\components\\ui\\text-hover-effect.tsx": 1773767417.6625013,
  "videoeditor\\src\\components\\ui\\ThemeProvider.tsx": 1773767417.6574955,
  "videoeditor\\src\\components\\ui\\tooltip.tsx": 1773767417.6625013,
  "videoeditor\\src\\components\\ui\\video-controls.tsx": 1773767417.6635015,
  "videoeditor\\src\\hooks\\useMediaBin.ts": 1777128702.802035,
  "videoeditor\\src\\hooks\\useRenderer.ts": 1777128658.2275507,
  "videoeditor\\src\\hooks\\useRuler.ts": 1773767417.6645012,
  "videoeditor\\src\\hooks\\useTimeline.ts": 1773909156.8708239,
  "videoeditor\\src\\lib\\utils.ts": 1777129188.217897,
  "videoeditor\\src\\routes\\home.tsx": 1777102371.488172,
  "videoeditor\\src\\routes\\project.$id.tsx": 1777101721.9029562,
  "videoeditor\\src\\routes\\project.tsx": 1777128628.576797,
  "videoeditor\\src\\routes\\projects.tsx": 1777128737.3886428,
  "videoeditor\\src\\schemas\\auth.ts": 1773767417.6735013,
  "videoeditor\\src\\schemas\\index.ts": 1773767417.674501,
  "videoeditor\\src\\schemas\\llm.ts": 1773767417.674501,
  "videoeditor\\src\\schemas\\timeline.ts": 1773908968.731871,
  "videoeditor\\src\\schemas\\apis\\assets.ts": 1773767417.6725008,
  "videoeditor\\src\\schemas\\apis\\params.ts": 1773767417.6735013,
  "videoeditor\\src\\schemas\\apis\\projects.ts": 1773767417.6735013,
  "videoeditor\\src\\schemas\\components\\chat.ts": 1773767417.6735013,
  "videoeditor\\src\\schemas\\components\\media.ts": 1773767417.674501,
  "videoeditor\\src\\schemas\\components\\timeline.ts": 1773767417.674501,
  "videoeditor\\src\\utils\\api.ts": 1777130848.7185235,
  "videoeditor\\src\\utils\\llm-handler.ts": 1773767417.675501,
  "videoeditor\\src\\utils\\path-security.ts": 1773767417.675501,
  "videoeditor\\src\\utils\\uuid.ts": 1773767417.675501,
  "videoeditor\\src\\video-compositions\\DragDrop.tsx": 1773922372.0082276,
  "videoeditor\\src\\video-compositions\\SubtitlePage.tsx": 1774020071.195741,
  "videoeditor\\src\\video-compositions\\SubtitleTrackRenderer.tsx": 1774021160.6113772,
  "videoeditor\\src\\video-compositions\\VideoPlayer.tsx": 1773923763.4624414,
  "backend\\requirements.txt": 1777125201.5173416,
  "videoeditor\\index.html": 1777128600.8406193,